NrcTownShipId,StateCode,TownShipCode,TownShipName_ENG,TownShipName_MM,TownShipShortName_MM,TownShipShortName_ENG,DelFlag,,(',"',N'","',","),"
,5,SGG001,Monywa,မုံရွာ,မရန,marana,0,,"('5',N'SGG001',N'Monywa',N'မုံရွာ',N'မရန',N'marana',0),",,,
,5,SGG002,Chaung-U,ချောင်းဦး,ခဥတ,khauta,0,,"('5',N'SGG002',N'Chaung-U',N'ချောင်းဦး',N'ခဥတ',N'khauta',0),",,,
,5,SGG003,Budalin,ဘုတလင်,ဘတလ,batala,0,,"('5',N'SGG003',N'Budalin',N'ဘုတလင်',N'ဘတလ',N'batala',0),",,,
,5,SGG004,Ayadaw,အရာတော်,အရတ,arata,0,,"('5',N'SGG004',N'Ayadaw',N'အရာတော်',N'အရတ',N'arata',0),",,,
,5,SGG005,Kale,ကလေး,ကလထ,kalahta,0,,"('5',N'SGG005',N'Kale',N'ကလေး',N'ကလထ',N'kalahta',0),",,,
,5,SGG006,Kalewa,ကလေးဝ,ကလဝ,kalawa,0,,"('5',N'SGG006',N'Kalewa',N'ကလေးဝ',N'ကလဝ',N'kalawa',0),",,,
,5,SGG007,Mingin,မင်းကင်း,မကန,makana,0,,"('5',N'SGG007',N'Mingin',N'မင်းကင်း',N'မကန',N'makana',0),",,,
,5,SGG008,Katha,ကသာ,ကသန,kathana,0,,"('5',N'SGG008',N'Katha',N'ကသာ',N'ကသန',N'kathana',0),",,,
,5,SGG009,Htigyaing,ထီးချိုင့်,ထခန,htakhana,0,,"('5',N'SGG009',N'Htigyaing',N'ထီးချိုင့်',N'ထခန',N'htakhana',0),",,,
,5,SGG010,Banmauk,ဗန်းမောက်,ဗမန,bamana,0,,"('5',N'SGG010',N'Banmauk',N'ဗန်းမောက်',N'ဗမန',N'bamana',0),",,,
,5,SGG011,Indaw,အင်းတော်,အတန,atana,0,,"('5',N'SGG011',N'Indaw',N'အင်းတော်',N'အတန',N'atana',0),",,,
,5,SGG012,Kawlin,ကောလင်း,ကလတ,kalata,0,,"('5',N'SGG012',N'Kawlin',N'ကောလင်း',N'ကလတ',N'kalata',0),",,,
,5,SGG013,Wuntho,ဝန်းသို,ဝသန,wathana,0,,"('5',N'SGG013',N'Wuntho',N'ဝန်းသို',N'ဝသန',N'wathana',0),",,,
,5,SGG014,Pinlebu,ပင်လည်ဘူး,ပလဘ,palaba,0,,"('5',N'SGG014',N'Pinlebu',N'ပင်လည်ဘူး',N'ပလဘ',N'palaba',0),",,,
,5,SGG015,Kanbalu,ကန့်ဘလူ,ကဘလ,kabala,0,,"('5',N'SGG015',N'Kanbalu',N'ကန့်ဘလူ',N'ကဘလ',N'kabala',0),",,,
,5,SGG016,Kyunhla,ကျွန်းလှ,ကလန,kalana,0,,"('5',N'SGG016',N'Kyunhla',N'ကျွန်းလှ',N'ကလန',N'kalana',0),",,,
,5,SGG017,Hkamti,ခန္တီး,ခတန,khatana,0,,"('5',N'SGG017',N'Hkamti',N'ခန္တီး',N'ခတန',N'khatana',0),",,,
,5,SGG018,Tamu,တမူး,တမန,tamana,0,,"('5',N'SGG018',N'Tamu',N'တမူး',N'တမန',N'tamana',0),",,,
,5,SGG019,Myothit,မြို့သစ်,မသန,mathana,0,,"('5',N'SGG019',N'Myothit',N'မြို့သစ်',N'မသန',N'mathana',0),",,,
,5,SGG020,Khampat,ခါမ်းပါတ်,ခပန,khapana,0,,"('5',N'SGG020',N'Khampat',N'ခါမ်းပါတ်',N'ခပန',N'khapana',0),",,,
,5,SGG021,Sagaing,စစ်ကိုင်း,စကန,sakana,0,,"('5',N'SGG021',N'Sagaing',N'စစ်ကိုင်း',N'စကန',N'sakana',0),",,,
,5,SGG022,Myinmu,မြင်းမူ,မမတ,mamata,0,,"('5',N'SGG022',N'Myinmu',N'မြင်းမူ',N'မမတ',N'mamata',0),",,,
,5,SGG023,Myaung,မြောင်,မမန,mamana,0,,"('5',N'SGG023',N'Myaung',N'မြောင်',N'မမန',N'mamana',0),",,,
,5,SGG024,Myauk,မော်လိုက်,မလန,malana,0,,"('5',N'SGG024',N'Myauk',N'မော်လိုက်',N'မလန',N'malana',0),",,,
,5,SGG025,Paungbyin,ဖောင်းပြင်,ဖပန,phapana,0,,"('5',N'SGG025',N'Paungbyin',N'ဖောင်းပြင်',N'ဖပန',N'phapana',0),",,,
,5,SGG026,Yinmabin,ယင်းမာပင်,ယမပ,yamapa,0,,"('5',N'SGG026',N'Yinmabin',N'ယင်းမာပင်',N'ယမပ',N'yamapa',0),",,,
,5,SGG027,Kani,ကနီ,ကနန,kanana,0,,"('5',N'SGG027',N'Kani',N'ကနီ',N'ကနန',N'kanana',0),",,,
,5,SGG028,Salingyi,ဆားလင်းကြီး,ဆလက,hsalaka,0,,"('5',N'SGG028',N'Salingyi',N'ဆားလင်းကြီး',N'ဆလက',N'hsalaka',0),",,,
,5,SGG029,Pale,ပုလဲ,ပလန,palana,0,,"('5',N'SGG029',N'Pale',N'ပုလဲ',N'ပလန',N'palana',0),",,,
,5,SGG030,Ye-U,ရေဦး,ရဥန,rauna,0,,"('5',N'SGG030',N'Ye-U',N'ရေဦး',N'ရဥန',N'rauna',0),",,,
,5,SGG031,Debayin,ဒီပဲယင်း,ဒပယ,dapaya,0,,"('5',N'SGG031',N'Debayin',N'ဒီပဲယင်း',N'ဒပယ',N'dapaya',0),",,,
,5,SGG032,Taze,တန့်ဆည်,တဆန,tahsana,0,,"('5',N'SGG032',N'Taze',N'တန့်ဆည်',N'တဆန',N'tahsana',0),",,,
,5,SGG033,Shwebo,ရွှေဘို,ရဘန,rabana,0,,"('5',N'SGG033',N'Shwebo',N'ရွှေဘို',N'ရဘန',N'rabana',0),",,,
,5,SGG034,Kyaukmyaung,ကျောက်မြောင်း,ကမန,kamana,0,,"('5',N'SGG034',N'Kyaukmyaung',N'ကျောက်မြောင်း',N'ကမန',N'kamana',0),",,,
,5,SGG035,Khin-U,ခင်ဦး,ခဥန,khauna,0,,"('5',N'SGG035',N'Khin-U',N'ခင်ဦး',N'ခဥန',N'khauna',0),",,,
,5,SGG036,Wetlet,ဝက်လက်,ဝလန,walana,0,,"('5',N'SGG036',N'Wetlet',N'ဝက်လက်',N'ဝလန',N'walana',0),",,,
,5,SGG037,Homalin,ဟုမ္မလင်း,ဟမလ,hamala,0,,"('5',N'SGG037',N'Homalin',N'ဟုမ္မလင်း',N'ဟမလ',N'hamala',0),",,,
,5,SGG038,Phaungpyin,မို၀ိုင်းလွတ်,မပလ,mapala,0,,"('5',N'SGG038',N'Phaungpyin',N'မို၀ိုင်းလွတ်',N'မပလ',N'mapala',0),",,,
,5,SGG039,Leshi,လေရှီး,လရန,larana,0,,"('5',N'SGG039',N'Leshi',N'လေရှီး',N'လရန',N'larana',0),",,,
,5,SGG040,Somra,ဆွမ္မရာ,ဆမရ,hsamara,0,,"('5',N'SGG040',N'Somra',N'ဆွမ္မရာ',N'ဆမရ',N'hsamara',0),",,,
,5,SGG041,Lahe,လဟယ်,လဟန,lahana,0,,"('5',N'SGG041',N'Lahe',N'လဟယ်',N'လဟန',N'lahana',0),",,,
,5,SGG042,Htanparkway,ထန်ပါခွေ,ထပခ,htapakha,0,,"('5',N'SGG042',N'Htanparkway',N'ထန်ပါခွေ',N'ထပခ',N'htapakha',0),",,,
,5,SGG043,Nanyun,နန်းယွန်း,နယန,nayana,0,,"('5',N'SGG043',N'Nanyun',N'နန်းယွန်း',N'နယန',N'nayana',0),",,,
,5,SGG044,Pansaung,ပန်ဆောင်,ပဆန,pahsana,0,,"('5',N'SGG044',N'Pansaung',N'ပန်ဆောင်',N'ပဆန',N'pahsana',0),",,,
,5,SGG045,Donhee,ဒုံဟီး,ဒဟန,dahana,0,,"('5',N'SGG045',N'Donhee',N'ဒုံဟီး',N'ဒဟန',N'dahana',0),",,,
,5,SGG046,Ngazun,ငါန်းဇွန်,ငဇန,ngazana,0,,"('5',N'SGG046',N'Ngazun',N'ငါန်းဇွန်',N'ငဇန',N'ngazana',0),",,,